[
  {
    "seq" : "1",
    "name" : "에어팟 2",
    "price" : "189000",
    "category" : "Digital"
  },
  {
    "seq" : "2",
    "name" : "아이폰 12 PRO",
    "price" : "1269000",
    "category" : "Digital"
  },
  {
    "seq" : "3",
    "name" : "빙고 라벤더 3겹 천연펄프 롤화장지 30m",
    "price" : "10150",
    "category" : "life"
  },
  {
    "seq" : "4",
    "name" : "반스 올드스쿨 VN000D3HY28",
    "price" : "32510",
    "category" : "Fashion"
  }
]